token_id,employee_id,token_age_days
TOK00001,EMP0001,77
TOK00002,EMP0002,570
TOK00003,EMP0002,695
TOK00004,EMP0003,28
TOK00005,EMP0004,103
TOK00006,EMP0005,49
TOK00007,EMP0006,171
TOK00008,EMP0006,361
TOK00009,EMP0007,241
TOK00010,EMP0008,47
TOK00011,EMP0009,60
TOK00012,EMP0010,77
TOK00013,EMP0011,101
TOK00014,EMP0012,53
TOK00015,EMP0013,177
TOK00016,EMP0014,227
TOK00017,EMP0014,482
TOK00018,EMP0015,48
TOK00019,EMP0016,61
TOK00020,EMP0017,131
TOK00021,EMP0018,28
TOK00022,EMP0019,121
TOK00023,EMP0020,254
TOK00024,EMP0021,396
TOK00025,EMP0021,637
TOK00026,EMP0022,11
TOK00027,EMP0023,49
TOK00028,EMP0024,222
TOK00029,EMP0024,363
TOK00030,EMP0025,112
TOK00031,EMP0026,198
TOK00032,EMP0027,249
TOK00033,EMP0028,74
TOK00034,EMP0029,249
TOK00035,EMP0029,459
TOK00036,EMP0030,193
TOK00037,EMP0031,110
TOK00038,EMP0031,477
TOK00039,EMP0032,252
TOK00040,EMP0033,198
TOK00041,EMP0034,222
TOK00042,EMP0035,256
TOK00043,EMP0036,67
TOK00044,EMP0037,134
TOK00045,EMP0038,115
TOK00046,EMP0039,181
TOK00047,EMP0040,105
TOK00048,EMP0041,68
TOK00049,EMP0042,19
TOK00050,EMP0043,252
TOK00051,EMP0044,213
TOK00052,EMP0045,143
TOK00053,EMP0046,135
TOK00054,EMP0047,231
TOK00055,EMP0048,153
TOK00056,EMP0049,111
TOK00057,EMP0050,35
TOK00058,EMP0051,171
TOK00059,EMP0052,189
TOK00060,EMP0053,198
TOK00061,EMP0054,59
TOK00062,EMP0054,418
TOK00063,EMP0055,259
TOK00064,EMP0056,70
TOK00065,EMP0057,20
TOK00066,EMP0058,542
TOK00067,EMP0058,420
TOK00068,EMP0059,99
TOK00069,EMP0060,99
TOK00070,EMP0061,260
TOK00071,EMP0062,113
TOK00072,EMP0063,249
TOK00073,EMP0064,257
TOK00074,EMP0065,212
TOK00075,EMP0066,196
TOK00076,EMP0067,218
TOK00077,EMP0068,16
TOK00078,EMP0068,498
TOK00079,EMP0069,21
TOK00080,EMP0070,187
TOK00081,EMP0071,46
TOK00082,EMP0072,246
TOK00083,EMP0073,247
TOK00084,EMP0074,564
TOK00085,EMP0074,684
TOK00086,EMP0075,241
TOK00087,EMP0076,57
TOK00088,EMP0077,221
TOK00089,EMP0078,224
TOK00090,EMP0079,104
TOK00091,EMP0080,25
TOK00092,EMP0081,53
TOK00093,EMP0081,502
TOK00094,EMP0082,59
TOK00095,EMP0083,234
TOK00096,EMP0084,137
TOK00097,EMP0085,213
TOK00098,EMP0086,255
TOK00099,EMP0087,106
TOK00100,EMP0088,109
TOK00101,EMP0089,34
TOK00102,EMP0090,126
TOK00103,EMP0091,126
TOK00104,EMP0092,73
TOK00105,EMP0093,203
TOK00106,EMP0093,355
TOK00107,EMP0094,44
TOK00108,EMP0095,52
TOK00109,EMP0096,109
TOK00110,EMP0097,34
TOK00111,EMP0098,201
TOK00112,EMP0099,37
TOK00113,EMP0100,82
TOK00114,EMP0101,210
TOK00115,EMP0102,27
TOK00116,EMP0103,196
TOK00117,EMP0104,452
TOK00118,EMP0104,610
TOK00119,EMP0105,177
TOK00120,EMP0106,101
TOK00121,EMP0107,95
TOK00122,EMP0107,491
TOK00123,EMP0108,47
TOK00124,EMP0109,162
TOK00125,EMP0110,244
TOK00126,EMP0111,232
TOK00127,EMP0112,39
TOK00128,EMP0113,63
TOK00129,EMP0114,173
TOK00130,EMP0115,100
TOK00131,EMP0116,209
TOK00132,EMP0117,247
TOK00133,EMP0118,568
TOK00134,EMP0118,386
TOK00135,EMP0119,174
TOK00136,EMP0120,140
TOK00137,EMP0120,456
TOK00138,EMP0121,180
TOK00139,EMP0122,11
TOK00140,EMP0122,307
TOK00141,EMP0123,233
TOK00142,EMP0124,92
TOK00143,EMP0125,93
TOK00144,EMP0125,283
TOK00145,EMP0126,199
TOK00146,EMP0126,490
TOK00147,EMP0127,212
TOK00148,EMP0128,103
TOK00149,EMP0129,232
TOK00150,EMP0130,32
TOK00151,EMP0131,173
TOK00152,EMP0132,235
TOK00153,EMP0133,161
TOK00154,EMP0134,239
TOK00155,EMP0135,221
TOK00156,EMP0136,243
TOK00157,EMP0137,205
TOK00158,EMP0138,143
TOK00159,EMP0138,467
TOK00160,EMP0139,10
TOK00161,EMP0140,107
TOK00162,EMP0141,254
TOK00163,EMP0142,119
TOK00164,EMP0142,396
TOK00165,EMP0143,71
TOK00166,EMP0144,219
TOK00167,EMP0145,185
TOK00168,EMP0146,42
TOK00169,EMP0147,39
TOK00170,EMP0148,103
TOK00171,EMP0148,518
TOK00172,EMP0149,97
TOK00173,EMP0149,302
TOK00174,EMP0150,253
TOK00175,EMP0151,143
TOK00176,EMP0152,48
TOK00177,EMP0153,74
TOK00178,EMP0153,496
TOK00179,EMP0154,81
TOK00180,EMP0155,119
TOK00181,EMP0156,56
TOK00182,EMP0157,46
TOK00183,EMP0157,360
TOK00184,EMP0158,133
TOK00185,EMP0159,232
TOK00186,EMP0160,168
TOK00187,EMP0160,390
TOK00188,EMP0161,189
TOK00189,EMP0162,259
TOK00190,EMP0163,210
TOK00191,EMP0164,69
TOK00192,EMP0165,102
TOK00193,EMP0166,101
TOK00194,EMP0167,163
TOK00195,EMP0168,432
TOK00196,EMP0168,555
TOK00197,EMP0169,63
TOK00198,EMP0170,201
TOK00199,EMP0171,150
TOK00200,EMP0172,214
TOK00201,EMP0173,42
TOK00202,EMP0174,213
TOK00203,EMP0175,97
TOK00204,EMP0176,174
TOK00205,EMP0177,97
TOK00206,EMP0178,209
TOK00207,EMP0179,672
TOK00208,EMP0179,458
TOK00209,EMP0180,167
TOK00210,EMP0181,235
TOK00211,EMP0182,231
TOK00212,EMP0182,314
TOK00213,EMP0183,152
TOK00214,EMP0183,462
TOK00215,EMP0184,412
TOK00216,EMP0184,524
TOK00217,EMP0185,56
TOK00218,EMP0186,83
TOK00219,EMP0186,452
TOK00220,EMP0187,21
TOK00221,EMP0187,376
TOK00222,EMP0188,53
TOK00223,EMP0189,41
TOK00224,EMP0189,472
TOK00225,EMP0190,57
TOK00226,EMP0190,440
TOK00227,EMP0191,104
TOK00228,EMP0192,242
TOK00229,EMP0193,168
TOK00230,EMP0194,252
TOK00231,EMP0195,53
TOK00232,EMP0196,237
TOK00233,EMP0197,127
TOK00234,EMP0198,255
TOK00235,EMP0199,43
TOK00236,EMP0200,30
TOK00237,EMP0201,226
TOK00238,EMP0202,66
TOK00239,EMP0203,254
TOK00240,EMP0203,342
TOK00241,EMP0204,110
TOK00242,EMP0205,220
TOK00243,EMP0206,158
TOK00244,EMP0207,111
TOK00245,EMP0208,18
TOK00246,EMP0209,173
TOK00247,EMP0210,141
TOK00248,EMP0211,36
TOK00249,EMP0212,133
TOK00250,EMP0213,20
TOK00251,EMP0214,215
TOK00252,EMP0215,38
TOK00253,EMP0216,78
TOK00254,EMP0217,239
TOK00255,EMP0218,81
TOK00256,EMP0219,195
TOK00257,EMP0220,204
TOK00258,EMP0221,187
TOK00259,EMP0222,67
TOK00260,EMP0223,569
TOK00261,EMP0223,690
TOK00262,EMP0224,76
TOK00263,EMP0225,215
TOK00264,EMP0226,95
TOK00265,EMP0227,150
TOK00266,EMP0228,144
TOK00267,EMP0229,193
TOK00268,EMP0230,106
TOK00269,EMP0231,178
TOK00270,EMP0232,165
TOK00271,EMP0233,96
TOK00272,EMP0234,108
TOK00273,EMP0235,181
TOK00274,EMP0236,110
TOK00275,EMP0237,148
TOK00276,EMP0238,179
TOK00277,EMP0239,24
TOK00278,EMP0240,105
TOK00279,EMP0241,148
TOK00280,EMP0242,213
TOK00281,EMP0243,52
TOK00282,EMP0244,178
TOK00283,EMP0244,290
TOK00284,EMP0245,45
TOK00285,EMP0246,54
TOK00286,EMP0247,183
TOK00287,EMP0248,415
TOK00288,EMP0248,549
TOK00289,EMP0249,208
TOK00290,EMP0249,488
TOK00291,EMP0250,49
TOK00292,EMP0251,22
TOK00293,EMP0252,216
TOK00294,EMP0253,196
TOK00295,EMP0254,182
TOK00296,EMP0255,95
TOK00297,EMP0256,33
TOK00298,EMP0257,87
TOK00299,EMP0258,246
TOK00300,EMP0258,506
TOK00301,EMP0259,179
TOK00302,EMP0260,181
TOK00303,EMP0261,133
TOK00304,EMP0262,548
TOK00305,EMP0262,630
TOK00306,EMP0263,116
TOK00307,EMP0264,115
TOK00308,EMP0265,79
TOK00309,EMP0266,200
TOK00310,EMP0267,106
TOK00311,EMP0268,61
TOK00312,EMP0269,40
TOK00313,EMP0270,121
TOK00314,EMP0270,459
TOK00315,EMP0271,217
TOK00316,EMP0272,87
TOK00317,EMP0273,16
TOK00318,EMP0274,190
TOK00319,EMP0275,84
TOK00320,EMP0276,122
TOK00321,EMP0277,163
TOK00322,EMP0278,76
TOK00323,EMP0279,243
TOK00324,EMP0280,136
TOK00325,EMP0281,21
TOK00326,EMP0282,131
TOK00327,EMP0283,179
TOK00328,EMP0284,163
TOK00329,EMP0284,511
TOK00330,EMP0285,37
TOK00331,EMP0286,238
TOK00332,EMP0287,91
TOK00333,EMP0288,148
TOK00334,EMP0289,151
TOK00335,EMP0290,82
TOK00336,EMP0291,169
TOK00337,EMP0292,10
TOK00338,EMP0293,208
TOK00339,EMP0294,235
TOK00340,EMP0295,131
TOK00341,EMP0296,38
TOK00342,EMP0297,258
TOK00343,EMP0298,41
TOK00344,EMP0299,45
TOK00345,EMP0300,53
TOK00346,EMP0301,201
TOK00347,EMP0302,237
TOK00348,EMP0303,182
TOK00349,EMP0304,48
TOK00350,EMP0305,225
TOK00351,EMP0305,271
TOK00352,EMP0306,240
TOK00353,EMP0307,165
TOK00354,EMP0308,168
TOK00355,EMP0309,191
TOK00356,EMP0310,26
TOK00357,EMP0311,236
TOK00358,EMP0312,208
TOK00359,EMP0313,194
TOK00360,EMP0314,46
TOK00361,EMP0315,250
TOK00362,EMP0316,260
TOK00363,EMP0317,93
TOK00364,EMP0318,228
TOK00365,EMP0319,123
TOK00366,EMP0320,34
TOK00367,EMP0321,197
TOK00368,EMP0322,213
TOK00369,EMP0323,568
TOK00370,EMP0323,510
TOK00371,EMP0324,208
TOK00372,EMP0325,44
TOK00373,EMP0326,93
TOK00374,EMP0327,106
TOK00375,EMP0328,176
TOK00376,EMP0329,682
TOK00377,EMP0329,394
TOK00378,EMP0330,191
TOK00379,EMP0331,223
TOK00380,EMP0332,171
TOK00381,EMP0333,400
TOK00382,EMP0333,638
TOK00383,EMP0334,238
TOK00384,EMP0335,31
TOK00385,EMP0336,27
TOK00386,EMP0337,77
TOK00387,EMP0338,38
TOK00388,EMP0339,187
TOK00389,EMP0340,133
TOK00390,EMP0341,206
TOK00391,EMP0342,66
TOK00392,EMP0343,32
TOK00393,EMP0343,351
TOK00394,EMP0344,61
TOK00395,EMP0345,178
TOK00396,EMP0346,238
TOK00397,EMP0347,91
TOK00398,EMP0348,31
TOK00399,EMP0349,376
TOK00400,EMP0349,717
TOK00401,EMP0350,119
