event_id,employee_id,platform,event_type,timestamp
EV000001,EMP0001,AD,TicketUpdate,2026-05-29T12:37
EV000002,EMP0001,Salesforce,S3Access,2026-03-20T11:13
EV000003,EMP0001,AWS,TicketUpdate,2026-05-01T09:36
EV000004,EMP0002,AD,TokenUse,2026-04-06T15:34
EV000005,EMP0002,AWS,TokenUse,2026-02-08T23:27
EV000006,EMP0002,AD,RepoAccess,2026-05-04T12:51
EV000007,EMP0002,Okta,TokenUse,2026-05-29T15:39
EV000008,EMP0003,AD,S3Access,2026-04-22T12:29
EV000009,EMP0003,Salesforce,TokenUse,2026-04-04T09:47
EV000010,EMP0003,Okta,Login,2026-05-11T17:06
EV000011,EMP0003,AWS,TicketUpdate,2026-03-14T13:18
EV000012,EMP0004,Okta,TokenUse,2026-04-10T15:16
EV000013,EMP0005,AD,TicketUpdate,2026-02-08T16:13
EV000014,EMP0005,Okta,TokenUse,2026-05-03T08:58
EV000015,EMP0005,AWS,S3Access,2026-03-03T09:38
EV000016,EMP0005,Okta,Login,2026-05-08T07:29
EV000017,EMP0005,AWS,Logout,2026-03-16T07:21
EV000018,EMP0006,AWS,TokenUse,2026-03-08T13:14
EV000019,EMP0006,Okta,Login,2026-05-26T11:17
EV000020,EMP0006,Okta,TicketUpdate,2026-02-03T07:51
EV000021,EMP0006,AWS,Login,2026-05-10T11:23
EV000022,EMP0006,AWS,Logout,2026-04-21T18:22
EV000023,EMP0007,Salesforce,TokenUse,2026-03-09T19:00
EV000024,EMP0007,AD,Login,2026-02-22T09:10
EV000025,EMP0007,AWS,TokenUse,2026-03-02T14:12
EV000026,EMP0008,AWS,TicketUpdate,2026-05-02T07:52
EV000027,EMP0009,Okta,RepoAccess,2026-03-28T14:58
EV000028,EMP0010,AWS,TokenUse,2026-02-28T17:11
EV000029,EMP0010,AD,TicketUpdate,2026-04-28T08:31
EV000030,EMP0011,Okta,TicketUpdate,2026-05-02T07:36
EV000031,EMP0011,AD,TokenUse,2026-04-10T08:08
EV000032,EMP0011,Okta,RepoAccess,2026-04-28T10:05
EV000033,EMP0012,Salesforce,TicketUpdate,2026-05-07T11:11
EV000034,EMP0012,Okta,TokenUse,2026-02-15T10:56
EV000035,EMP0012,Salesforce,TicketUpdate,2026-05-05T16:27
EV000036,EMP0013,AWS,Login,2026-03-14T01:24
EV000037,EMP0013,Salesforce,S3Access,2026-05-26T18:51
EV000038,EMP0013,AD,S3Access,2026-04-18T17:19
EV000039,EMP0013,Salesforce,Login,2026-05-24T08:17
EV000040,EMP0013,Okta,TicketUpdate,2026-04-03T01:24
EV000041,EMP0013,AWS,Logout,2026-03-14T10:37
EV000042,EMP0013,Okta,TokenUse,2026-02-25T11:58
EV000043,EMP0014,Salesforce,Login,2026-02-24T14:50
EV000044,EMP0014,Okta,TicketUpdate,2026-02-09T13:54
EV000045,EMP0014,AWS,TokenUse,2026-04-10T10:28
EV000046,EMP0014,Salesforce,RepoAccess,2026-02-19T12:11
EV000047,EMP0014,AWS,RepoAccess,2026-04-15T11:20
EV000048,EMP0014,Okta,RoleChange,2026-02-08T18:42
EV000049,EMP0015,Salesforce,S3Access,2026-03-11T16:48
EV000050,EMP0016,AD,TicketUpdate,2026-04-10T08:36
EV000051,EMP0016,Salesforce,S3Access,2026-04-05T11:43
EV000052,EMP0017,AD,RepoAccess,2026-04-27T14:54
EV000053,EMP0017,AWS,Logout,2026-02-06T16:33
EV000054,EMP0017,AWS,S3Access,2026-04-13T17:54
EV000055,EMP0018,Okta,RepoAccess,2026-04-03T14:12
EV000056,EMP0019,Salesforce,S3Access,2026-04-15T11:44
EV000057,EMP0019,Salesforce,Login,2026-05-09T15:27
EV000058,EMP0019,AD,S3Access,2026-05-05T12:58
EV000059,EMP0020,AWS,Login,2026-03-04T14:00
EV000060,EMP0021,AWS,TokenUse,2026-03-22T10:10
EV000061,EMP0021,AD,Logout,2026-05-29T10:02
EV000062,EMP0021,Okta,Login,2026-02-14T14:11
EV000063,EMP0021,Okta,Login,2026-05-16T02:43
EV000064,EMP0022,Okta,S3Access,2026-04-07T15:03
EV000065,EMP0022,AWS,TicketUpdate,2026-03-07T18:51
EV000066,EMP0022,AWS,TokenUse,2026-05-23T17:23
EV000067,EMP0023,Okta,TicketUpdate,2026-02-13T14:54
EV000068,EMP0023,Salesforce,RepoAccess,2026-03-26T16:52
EV000069,EMP0023,AWS,Logout,2026-05-15T08:58
EV000070,EMP0024,AWS,Login,2026-02-17T14:41
EV000071,EMP0024,Salesforce,Login,2026-02-21T10:48
EV000072,EMP0024,AD,TokenUse,2026-03-02T07:47
EV000073,EMP0024,Okta,S3Access,2026-05-13T10:44
EV000074,EMP0024,AWS,RepoAccess,2026-02-03T08:03
EV000075,EMP0025,AD,Login,2026-05-31T16:19
EV000076,EMP0025,AD,Login,2026-03-14T07:34
EV000077,EMP0026,Salesforce,TicketUpdate,2026-05-08T07:47
EV000078,EMP0026,AD,TicketUpdate,2026-03-30T07:36
EV000079,EMP0026,Salesforce,TicketUpdate,2026-04-27T08:12
EV000080,EMP0026,Okta,TokenUse,2026-04-04T12:06
EV000081,EMP0027,Salesforce,S3Access,2026-04-20T12:50
EV000082,EMP0027,Salesforce,Login,2026-04-16T10:23
EV000083,EMP0028,AWS,RepoAccess,2026-02-11T14:38
EV000084,EMP0028,Salesforce,TicketUpdate,2026-05-07T17:05
EV000085,EMP0028,AWS,Logout,2026-04-08T15:11
EV000086,EMP0029,Okta,Login,2026-04-04T11:53
EV000087,EMP0029,AD,TokenUse,2026-05-22T17:51
EV000088,EMP0029,AWS,TicketUpdate,2026-05-05T18:51
EV000089,EMP0029,AD,TicketUpdate,2026-05-02T07:13
EV000090,EMP0029,AWS,TicketUpdate,2026-04-05T08:02
EV000091,EMP0029,Salesforce,Login,2026-05-26T13:01
EV000092,EMP0029,Okta,Logout,2026-04-22T14:55
EV000093,EMP0030,AWS,TicketUpdate,2026-03-18T10:52
EV000094,EMP0030,Salesforce,Login,2026-02-02T13:01
EV000095,EMP0030,AWS,RepoAccess,2026-02-05T13:47
EV000096,EMP0031,AWS,Login,2026-03-08T08:21
EV000097,EMP0031,Okta,Login,2026-03-11T13:58
EV000098,EMP0031,Okta,Logout,2026-02-12T09:54
EV000099,EMP0031,Okta,RoleChange,2026-03-19T09:53
EV000100,EMP0031,AD,TicketUpdate,2026-05-23T18:42
EV000101,EMP0031,AD,TokenUse,2026-05-25T12:41
EV000102,EMP0032,AWS,S3Access,2026-03-20T11:44
EV000103,EMP0032,Salesforce,TicketUpdate,2026-03-07T13:36
EV000104,EMP0032,Salesforce,TicketUpdate,2026-03-07T07:53
EV000105,EMP0032,Salesforce,Logout,2026-02-23T15:56
EV000106,EMP0032,Okta,TokenUse,2026-03-01T10:44
EV000107,EMP0033,AD,Login,2026-04-04T07:12
EV000108,EMP0033,Salesforce,TicketUpdate,2026-02-25T17:17
EV000109,EMP0034,AD,TokenUse,2026-05-19T13:42
EV000110,EMP0034,AD,RepoAccess,2026-05-06T10:19
EV000111,EMP0034,Salesforce,TokenUse,2026-05-24T10:18
EV000112,EMP0034,Okta,Logout,2026-02-25T12:06
EV000113,EMP0034,AWS,RepoAccess,2026-03-11T09:34
EV000114,EMP0035,AD,TicketUpdate,2026-06-01T17:25
EV000115,EMP0035,Salesforce,Logout,2026-03-19T10:24
EV000116,EMP0035,Okta,TicketUpdate,2026-05-26T12:42
EV000117,EMP0036,AWS,RoleChange,2026-04-05T12:17
EV000118,EMP0036,AD,TicketUpdate,2026-04-28T18:43
EV000119,EMP0036,AD,RepoAccess,2026-05-23T11:45
EV000120,EMP0037,Okta,RepoAccess,2026-02-06T07:28
EV000121,EMP0037,AWS,RepoAccess,2026-05-30T07:55
EV000122,EMP0038,AD,RoleChange,2026-02-18T15:32
EV000123,EMP0038,Okta,Login,2026-03-17T08:01
EV000124,EMP0039,Okta,Login,2026-04-22T15:21
EV000125,EMP0039,AWS,S3Access,2026-03-18T10:55
EV000126,EMP0040,AWS,RepoAccess,2026-04-20T11:59
EV000127,EMP0040,Salesforce,TokenUse,2026-05-05T09:59
EV000128,EMP0040,AD,Logout,2026-02-17T09:27
EV000129,EMP0041,Okta,Login,2026-02-28T08:34
EV000130,EMP0041,Okta,RepoAccess,2026-04-07T09:43
EV000131,EMP0041,Okta,RoleChange,2026-03-28T07:41
EV000132,EMP0042,Okta,TicketUpdate,2026-04-11T14:52
EV000133,EMP0042,Okta,RepoAccess,2026-02-19T13:08
EV000134,EMP0042,Okta,Login,2026-05-30T14:12
EV000135,EMP0043,AD,S3Access,2026-03-16T16:32
EV000136,EMP0044,Salesforce,TicketUpdate,2026-03-05T16:31
EV000137,EMP0044,Salesforce,TokenUse,2026-05-24T10:32
EV000138,EMP0045,Okta,RepoAccess,2026-04-03T17:55
EV000139,EMP0045,AD,RepoAccess,2026-02-03T15:32
EV000140,EMP0046,Salesforce,RepoAccess,2026-04-08T16:15
EV000141,EMP0046,AD,S3Access,2026-02-25T08:24
EV000142,EMP0047,AD,Login,2026-02-20T16:57
EV000143,EMP0047,Salesforce,TicketUpdate,2026-02-21T17:39
EV000144,EMP0047,AD,TicketUpdate,2026-05-10T10:31
EV000145,EMP0048,Okta,Login,2026-05-10T08:14
EV000146,EMP0048,AD,S3Access,2026-05-22T07:27
EV000147,EMP0048,AWS,Login,2026-03-13T13:25
EV000148,EMP0049,Salesforce,Logout,2026-02-18T18:39
EV000149,EMP0049,Okta,TicketUpdate,2026-04-08T13:55
EV000150,EMP0049,Salesforce,Logout,2026-05-16T13:07
EV000151,EMP0050,Okta,TokenUse,2026-03-25T08:57
EV000152,EMP0050,Okta,S3Access,2026-04-10T08:07
EV000153,EMP0050,AD,TicketUpdate,2026-02-19T08:58
EV000154,EMP0050,Salesforce,Login,2026-03-03T18:02
EV000155,EMP0051,Okta,RepoAccess,2026-04-12T17:45
EV000156,EMP0051,AWS,Login,2026-05-25T17:51
EV000157,EMP0051,AWS,S3Access,2026-03-10T08:55
EV000158,EMP0052,AWS,Login,2026-04-25T12:19
EV000159,EMP0052,AD,TokenUse,2026-05-22T13:01
EV000160,EMP0052,Salesforce,RepoAccess,2026-05-25T08:55
EV000161,EMP0053,Salesforce,Logout,2026-05-01T13:35
EV000162,EMP0053,Salesforce,TokenUse,2026-04-19T18:22
EV000163,EMP0053,Salesforce,TicketUpdate,2026-02-15T17:21
EV000164,EMP0054,AWS,Logout,2026-05-29T14:37
EV000165,EMP0054,AWS,TicketUpdate,2026-05-11T08:06
EV000166,EMP0054,Salesforce,Login,2026-02-09T16:30
EV000167,EMP0054,AWS,Login,2026-04-09T11:02
EV000168,EMP0054,AD,Login,2026-03-21T07:41
EV000169,EMP0054,Salesforce,S3Access,2026-05-08T08:29
EV000170,EMP0055,AD,RepoAccess,2026-05-07T10:05
EV000171,EMP0055,AD,S3Access,2026-04-02T11:53
EV000172,EMP0055,Okta,TokenUse,2026-05-19T15:28
EV000173,EMP0055,AWS,RepoAccess,2026-05-11T15:55
EV000174,EMP0056,AD,Login,2026-02-19T18:21
EV000175,EMP0056,AD,TicketUpdate,2026-02-19T14:18
EV000176,EMP0056,Okta,TokenUse,2026-05-25T13:28
EV000177,EMP0057,Salesforce,S3Access,2026-04-22T09:55
EV000178,EMP0057,AD,Login,2026-05-15T17:27
EV000179,EMP0057,Salesforce,RoleChange,2026-02-05T18:18
EV000180,EMP0058,AD,TokenUse,2026-04-01T04:13
EV000181,EMP0058,AWS,TokenUse,2026-02-03T16:15
EV000182,EMP0058,Okta,TokenUse,2026-05-04T14:01
EV000183,EMP0058,AD,TokenUse,2026-04-10T07:19
EV000184,EMP0058,Salesforce,Login,2026-05-16T02:05
EV000185,EMP0058,AWS,TokenUse,2026-04-18T16:24
EV000186,EMP0058,AD,TokenUse,2026-03-29T01:05
EV000187,EMP0059,Salesforce,Login,2026-04-09T17:41
EV000188,EMP0060,AD,RepoAccess,2026-03-04T09:47
EV000189,EMP0061,Okta,TokenUse,2026-04-10T07:15
EV000190,EMP0061,AD,TokenUse,2026-03-28T15:29
EV000191,EMP0061,Salesforce,TicketUpdate,2026-05-15T12:03
EV000192,EMP0062,Salesforce,S3Access,2026-05-31T13:05
EV000193,EMP0062,AWS,RepoAccess,2026-04-19T11:34
EV000194,EMP0063,AWS,RoleChange,2026-02-02T13:33
EV000195,EMP0063,Salesforce,Login,2026-03-31T15:07
EV000196,EMP0063,Okta,TicketUpdate,2026-03-25T14:33
EV000197,EMP0064,AD,Logout,2026-02-22T18:38
EV000198,EMP0064,AWS,Login,2026-05-05T14:09
EV000199,EMP0064,AD,RepoAccess,2026-03-24T14:09
EV000200,EMP0065,Salesforce,Logout,2026-04-12T18:39
EV000201,EMP0065,AD,S3Access,2026-03-11T12:05
EV000202,EMP0065,Okta,TicketUpdate,2026-05-17T08:42
EV000203,EMP0066,AWS,RoleChange,2026-03-03T17:44
EV000204,EMP0066,AD,S3Access,2026-03-09T15:29
EV000205,EMP0066,AWS,RoleChange,2026-05-26T17:26
EV000206,EMP0066,Salesforce,Login,2026-02-11T16:59
EV000207,EMP0066,AWS,RoleChange,2026-02-06T14:30
EV000208,EMP0067,AD,Logout,2026-05-24T07:24
EV000209,EMP0067,AWS,Login,2026-04-21T09:43
EV000210,EMP0067,Okta,Login,2026-02-04T08:35
EV000211,EMP0068,AD,RepoAccess,2026-02-26T10:57
EV000212,EMP0068,AWS,TicketUpdate,2026-03-24T16:23
EV000213,EMP0068,Okta,S3Access,2026-05-19T08:08
EV000214,EMP0068,Salesforce,Logout,2026-05-18T11:22
EV000215,EMP0068,AD,RoleChange,2026-03-23T13:20
EV000216,EMP0068,AD,RepoAccess,2026-05-04T08:25
EV000217,EMP0069,AD,S3Access,2026-02-18T14:23
EV000218,EMP0069,AWS,Login,2026-05-15T16:52
EV000219,EMP0069,Okta,Login,2026-04-27T10:29
EV000220,EMP0070,Salesforce,TokenUse,2026-04-12T14:17
EV000221,EMP0070,AD,RepoAccess,2026-05-20T12:07
EV000222,EMP0070,Okta,TokenUse,2026-05-14T16:15
EV000223,EMP0071,Okta,Logout,2026-05-31T15:22
EV000224,EMP0071,AWS,TicketUpdate,2026-05-01T17:41
EV000225,EMP0071,Okta,RoleChange,2026-04-29T13:16
EV000226,EMP0072,AWS,S3Access,2026-02-24T16:57
EV000227,EMP0072,AWS,Login,2026-03-20T16:06
EV000228,EMP0072,AWS,Login,2026-05-25T10:11
EV000229,EMP0073,AWS,RoleChange,2026-03-08T14:35
EV000230,EMP0073,AWS,RoleChange,2026-02-07T13:47
EV000231,EMP0073,AD,RepoAccess,2026-04-30T07:58
EV000232,EMP0073,AWS,RoleChange,2026-04-13T23:20
EV000233,EMP0074,AD,TokenUse,2026-05-08T15:09
EV000234,EMP0074,Okta,Login,2026-03-16T23:17
EV000235,EMP0074,Okta,TokenUse,2026-02-19T09:28
EV000236,EMP0074,Okta,Logout,2026-03-23T17:59
EV000237,EMP0074,AWS,Logout,2026-03-22T01:05
EV000238,EMP0075,Salesforce,TicketUpdate,2026-04-06T18:20
EV000239,EMP0076,Okta,S3Access,2026-05-23T12:12
EV000240,EMP0077,Salesforce,Login,2026-04-14T17:25
EV000241,EMP0078,AWS,S3Access,2026-05-18T14:06
EV000242,EMP0078,Salesforce,Login,2026-03-26T17:49
EV000243,EMP0079,Okta,Login,2026-03-17T16:38
EV000244,EMP0079,Okta,S3Access,2026-04-29T15:05
EV000245,EMP0079,Okta,Login,2026-03-01T14:28
EV000246,EMP0080,Salesforce,TokenUse,2026-04-18T11:35
EV000247,EMP0080,Salesforce,Logout,2026-04-05T11:52
EV000248,EMP0080,AWS,TokenUse,2026-05-10T10:11
EV000249,EMP0080,Okta,RoleChange,2026-05-10T09:42
EV000250,EMP0080,Salesforce,Login,2026-03-19T07:27
EV000251,EMP0081,Salesforce,S3Access,2026-03-15T11:14
EV000252,EMP0081,AWS,Logout,2026-03-26T16:01
EV000253,EMP0081,AWS,RepoAccess,2026-02-17T10:43
EV000254,EMP0081,Salesforce,RoleChange,2026-05-02T08:00
EV000255,EMP0081,Salesforce,Logout,2026-03-29T16:15
EV000256,EMP0081,Salesforce,S3Access,2026-05-25T17:39
EV000257,EMP0081,AWS,Logout,2026-04-16T11:48
EV000258,EMP0082,Salesforce,TicketUpdate,2026-04-11T11:56
EV000259,EMP0083,Okta,Logout,2026-04-08T11:53
EV000260,EMP0083,Okta,Logout,2026-02-13T17:53
EV000261,EMP0083,AWS,Login,2026-04-13T11:12
EV000262,EMP0084,AWS,TokenUse,2026-05-05T16:31
EV000263,EMP0084,AWS,Logout,2026-04-21T10:19
EV000264,EMP0084,AD,Logout,2026-02-17T11:09
EV000265,EMP0084,Okta,TokenUse,2026-05-20T16:23
EV000266,EMP0085,AD,TicketUpdate,2026-03-07T13:11
EV000267,EMP0085,AWS,TicketUpdate,2026-05-17T17:18
EV000268,EMP0086,AD,Logout,2026-05-18T10:46
EV000269,EMP0086,Salesforce,Login,2026-02-07T10:21
EV000270,EMP0087,AWS,RepoAccess,2026-03-18T14:27
EV000271,EMP0087,AD,S3Access,2026-02-09T17:02
EV000272,EMP0088,Okta,Login,2026-03-06T18:46
EV000273,EMP0088,AD,Login,2026-02-27T07:12
EV000274,EMP0088,Salesforce,RepoAccess,2026-05-05T13:39
EV000275,EMP0088,AD,RepoAccess,2026-04-15T12:55
EV000276,EMP0088,Salesforce,S3Access,2026-05-07T12:37
EV000277,EMP0089,Salesforce,RepoAccess,2026-04-25T18:08
EV000278,EMP0090,AWS,Login,2026-03-19T14:25
EV000279,EMP0090,Okta,Login,2026-03-22T08:17
EV000280,EMP0091,AWS,Logout,2026-05-30T10:51
EV000281,EMP0092,AWS,Logout,2026-02-25T16:44
EV000282,EMP0092,Salesforce,Login,2026-04-16T07:35
EV000283,EMP0093,AD,TicketUpdate,2026-02-20T18:00
EV000284,EMP0093,AD,TicketUpdate,2026-04-22T16:04
EV000285,EMP0093,Salesforce,TicketUpdate,2026-03-04T13:52
EV000286,EMP0093,Salesforce,RoleChange,2026-03-05T09:14
EV000287,EMP0093,AWS,Logout,2026-04-17T10:34
EV000288,EMP0093,AWS,RepoAccess,2026-05-31T13:08
EV000289,EMP0093,AWS,RoleChange,2026-03-17T15:59
EV000290,EMP0094,Salesforce,TokenUse,2026-04-15T11:22
EV000291,EMP0094,AWS,TicketUpdate,2026-02-20T11:53
EV000292,EMP0095,Salesforce,Login,2026-02-10T15:00
EV000293,EMP0095,AD,TicketUpdate,2026-05-03T11:04
EV000294,EMP0096,AWS,Login,2026-03-21T11:41
EV000295,EMP0096,AD,TokenUse,2026-02-12T15:52
EV000296,EMP0096,AWS,S3Access,2026-04-08T07:13
EV000297,EMP0096,Okta,TokenUse,2026-04-14T12:40
EV000298,EMP0097,Salesforce,Login,2026-04-04T16:59
EV000299,EMP0097,AWS,Logout,2026-03-28T08:18
EV000300,EMP0097,AWS,TicketUpdate,2026-02-19T07:59
EV000301,EMP0098,AWS,TicketUpdate,2026-02-13T18:32
EV000302,EMP0098,Salesforce,Login,2026-05-29T14:06
EV000303,EMP0098,AD,TokenUse,2026-05-11T11:16
EV000304,EMP0099,AD,RepoAccess,2026-05-20T08:31
EV000305,EMP0099,AD,TicketUpdate,2026-04-26T08:02
EV000306,EMP0099,AWS,Logout,2026-02-17T09:56
EV000307,EMP0100,AWS,S3Access,2026-05-16T15:19
EV000308,EMP0100,AWS,TicketUpdate,2026-03-15T18:02
EV000309,EMP0100,Salesforce,TicketUpdate,2026-03-31T17:43
EV000310,EMP0101,Okta,TicketUpdate,2026-03-10T12:57
EV000311,EMP0102,Okta,Login,2026-02-27T14:33
EV000312,EMP0102,Salesforce,TicketUpdate,2026-03-12T12:34
EV000313,EMP0102,Salesforce,S3Access,2026-03-12T08:23
EV000314,EMP0102,AWS,TicketUpdate,2026-02-23T17:56
EV000315,EMP0102,AD,Login,2026-04-23T13:39
EV000316,EMP0103,Salesforce,TokenUse,2026-02-11T16:32
EV000317,EMP0103,Salesforce,Login,2026-03-13T15:54
EV000318,EMP0103,Okta,TicketUpdate,2026-04-06T09:03
EV000319,EMP0103,Salesforce,RepoAccess,2026-03-13T10:31
EV000320,EMP0103,AWS,Logout,2026-04-24T18:15
EV000321,EMP0104,Okta,RepoAccess,2026-05-09T01:47
EV000322,EMP0104,AD,TokenUse,2026-05-18T07:23
EV000323,EMP0104,AWS,TicketUpdate,2026-04-23T03:54
EV000324,EMP0104,AD,S3Access,2026-05-19T12:56
EV000325,EMP0104,AWS,TokenUse,2026-05-31T14:01
EV000326,EMP0104,AD,TokenUse,2026-05-13T11:52
EV000327,EMP0105,AD,RoleChange,2026-05-22T15:14
EV000328,EMP0105,AWS,Logout,2026-05-08T16:47
EV000329,EMP0105,Okta,RepoAccess,2026-04-14T08:38
EV000330,EMP0106,Okta,S3Access,2026-02-10T09:47
EV000331,EMP0106,AD,TicketUpdate,2026-03-09T00:11
EV000332,EMP0106,AWS,Login,2026-03-26T04:39
EV000333,EMP0106,Okta,Login,2026-05-11T17:52
EV000334,EMP0107,AD,S3Access,2026-05-07T14:24
EV000335,EMP0107,Salesforce,RepoAccess,2026-02-07T14:47
EV000336,EMP0107,AD,Logout,2026-04-07T13:05
EV000337,EMP0107,Salesforce,Login,2026-03-23T17:54
EV000338,EMP0107,Salesforce,TicketUpdate,2026-04-22T15:49
EV000339,EMP0107,Okta,TicketUpdate,2026-02-10T18:49
EV000340,EMP0108,Okta,Logout,2026-03-17T17:32
EV000341,EMP0108,AD,Login,2026-02-08T16:39
EV000342,EMP0109,Salesforce,TokenUse,2026-04-24T14:08
EV000343,EMP0109,AWS,RepoAccess,2026-05-24T11:39
EV000344,EMP0110,Salesforce,TicketUpdate,2026-04-08T18:25
EV000345,EMP0110,Salesforce,TokenUse,2026-05-27T18:26
EV000346,EMP0111,AD,Logout,2026-03-01T15:22
EV000347,EMP0111,AD,TicketUpdate,2026-05-12T13:21
EV000348,EMP0112,Salesforce,TicketUpdate,2026-04-13T14:58
EV000349,EMP0112,AWS,Login,2026-04-14T12:44
EV000350,EMP0113,AD,Logout,2026-04-03T13:26
EV000351,EMP0113,AWS,RoleChange,2026-03-01T02:18
EV000352,EMP0113,Salesforce,Login,2026-02-11T13:32
EV000353,EMP0113,Salesforce,RepoAccess,2026-03-19T13:41
EV000354,EMP0113,AWS,TokenUse,2026-05-08T12:42
EV000355,EMP0113,AWS,RoleChange,2026-03-31T01:25
EV000356,EMP0113,Okta,Logout,2026-03-18T11:03
EV000357,EMP0114,Okta,TicketUpdate,2026-03-11T10:33
EV000358,EMP0114,Okta,Logout,2026-05-19T14:41
EV000359,EMP0114,Salesforce,Login,2026-04-22T08:19
EV000360,EMP0115,Okta,RepoAccess,2026-03-15T07:41
EV000361,EMP0115,AD,S3Access,2026-05-19T13:21
EV000362,EMP0115,Okta,Login,2026-03-08T07:37
EV000363,EMP0116,AWS,RepoAccess,2026-03-28T08:44
EV000364,EMP0116,Salesforce,Login,2026-05-25T10:28
EV000365,EMP0116,Okta,RepoAccess,2026-03-02T12:19
EV000366,EMP0117,AWS,Login,2026-04-01T14:12
EV000367,EMP0117,AD,RepoAccess,2026-02-22T09:09
EV000368,EMP0117,Salesforce,TicketUpdate,2026-06-01T11:06
EV000369,EMP0118,AD,TokenUse,2026-02-19T09:20
EV000370,EMP0118,AD,S3Access,2026-05-05T12:55
EV000371,EMP0118,Salesforce,TokenUse,2026-05-03T11:38
EV000372,EMP0118,AWS,TokenUse,2026-04-10T11:52
EV000373,EMP0118,AD,TokenUse,2026-05-29T15:38
EV000374,EMP0119,AWS,Logout,2026-02-25T15:59
EV000375,EMP0120,AD,RoleChange,2026-05-29T15:39
EV000376,EMP0120,Okta,Logout,2026-04-16T07:48
EV000377,EMP0120,AWS,TicketUpdate,2026-02-05T13:00
EV000378,EMP0120,Okta,S3Access,2026-04-06T08:07
EV000379,EMP0121,Okta,TicketUpdate,2026-05-31T15:31
EV000380,EMP0121,Salesforce,TicketUpdate,2026-02-04T12:16
EV000381,EMP0121,Okta,Logout,2026-04-12T15:30
EV000382,EMP0122,AD,TokenUse,2026-03-18T10:33
EV000383,EMP0122,Salesforce,S3Access,2026-05-27T11:48
EV000384,EMP0122,Salesforce,Logout,2026-05-02T17:00
EV000385,EMP0122,AD,TokenUse,2026-04-28T17:59
EV000386,EMP0123,Salesforce,TokenUse,2026-05-13T16:23
EV000387,EMP0124,Salesforce,S3Access,2026-05-02T18:33
EV000388,EMP0124,AD,TicketUpdate,2026-03-09T14:46
EV000389,EMP0124,Salesforce,RoleChange,2026-04-27T10:17
EV000390,EMP0125,AD,RoleChange,2026-05-11T14:39
EV000391,EMP0125,AWS,Logout,2026-05-15T18:19
EV000392,EMP0125,AD,S3Access,2026-04-17T07:13
EV000393,EMP0125,AD,TicketUpdate,2026-03-23T11:42
EV000394,EMP0125,Okta,TokenUse,2026-05-16T07:42
EV000395,EMP0125,Salesforce,TokenUse,2026-04-09T07:15
EV000396,EMP0126,Okta,TicketUpdate,2026-05-19T13:57
EV000397,EMP0126,Okta,TokenUse,2026-03-07T10:56
EV000398,EMP0126,AWS,RepoAccess,2026-05-20T17:15
EV000399,EMP0126,AWS,TicketUpdate,2026-02-16T18:00
EV000400,EMP0126,AWS,TicketUpdate,2026-04-28T10:42
EV000401,EMP0126,AWS,S3Access,2026-05-11T17:11
EV000402,EMP0127,Salesforce,S3Access,2026-04-25T09:26
EV000403,EMP0127,Okta,Login,2026-03-05T16:15
EV000404,EMP0128,AWS,S3Access,2026-05-28T12:07
EV000405,EMP0128,AWS,TokenUse,2026-02-25T08:12
EV000406,EMP0129,AD,Login,2026-03-19T08:19
EV000407,EMP0130,AD,RoleChange,2026-02-27T11:08
EV000408,EMP0130,Okta,TokenUse,2026-04-23T08:02
EV000409,EMP0130,Okta,S3Access,2026-04-08T11:03
EV000410,EMP0130,Okta,RepoAccess,2026-05-09T18:02
EV000411,EMP0131,AWS,RepoAccess,2026-03-25T11:19
EV000412,EMP0131,Salesforce,Logout,2026-03-08T18:47
EV000413,EMP0131,AD,Logout,2026-04-09T17:56
EV000414,EMP0132,Salesforce,RepoAccess,2026-05-09T09:58
EV000415,EMP0132,AD,RepoAccess,2026-05-19T15:38
EV000416,EMP0132,AD,S3Access,2026-05-18T16:43
EV000417,EMP0133,Okta,Logout,2026-03-22T07:21
EV000418,EMP0133,AWS,TicketUpdate,2026-03-23T09:33
EV000419,EMP0133,Okta,TicketUpdate,2026-03-19T07:01
EV000420,EMP0133,AD,Login,2026-02-24T10:19
EV000421,EMP0134,Okta,Login,2026-04-01T15:42
EV000422,EMP0134,Okta,RepoAccess,2026-04-25T14:51
EV000423,EMP0135,Salesforce,RepoAccess,2026-04-29T08:56
EV000424,EMP0135,Okta,RepoAccess,2026-05-31T12:31
EV000425,EMP0135,Okta,TicketUpdate,2026-04-02T13:38
EV000426,EMP0136,Okta,Logout,2026-03-26T08:04
EV000427,EMP0136,AWS,RepoAccess,2026-04-25T14:00
EV000428,EMP0137,Okta,TicketUpdate,2026-05-24T13:02
EV000429,EMP0137,AD,TokenUse,2026-03-19T09:10
EV000430,EMP0138,Salesforce,Login,2026-04-08T07:49
EV000431,EMP0138,AWS,S3Access,2026-04-12T18:55
EV000432,EMP0138,AD,S3Access,2026-02-24T08:58
EV000433,EMP0138,AD,Login,2026-04-22T08:01
EV000434,EMP0138,Salesforce,Login,2026-02-12T11:52
EV000435,EMP0138,Okta,S3Access,2026-04-25T11:03
EV000436,EMP0138,AD,TokenUse,2026-02-12T12:27
EV000437,EMP0139,AWS,TokenUse,2026-05-18T18:50
EV000438,EMP0139,AD,TicketUpdate,2026-02-07T14:08
EV000439,EMP0139,Salesforce,Login,2026-05-09T15:15
EV000440,EMP0140,Salesforce,Login,2026-05-25T09:12
EV000441,EMP0140,AD,TicketUpdate,2026-05-16T13:36
EV000442,EMP0140,AD,Login,2026-03-24T11:11
EV000443,EMP0140,Salesforce,TokenUse,2026-05-01T11:25
EV000444,EMP0141,AD,Logout,2026-05-09T16:53
EV000445,EMP0141,Okta,RoleChange,2026-05-01T10:50
EV000446,EMP0141,Okta,Login,2026-03-27T18:18
EV000447,EMP0142,AD,RoleChange,2026-03-15T17:16
EV000448,EMP0142,Salesforce,TicketUpdate,2026-03-29T16:22
EV000449,EMP0142,AD,Login,2026-05-09T08:12
EV000450,EMP0142,AD,S3Access,2026-04-29T09:09
EV000451,EMP0142,AWS,RepoAccess,2026-04-23T11:39
EV000452,EMP0143,Okta,TokenUse,2026-04-29T23:50
EV000453,EMP0143,Okta,TicketUpdate,2026-05-17T07:35
EV000454,EMP0143,AWS,RoleChange,2026-03-25T16:10
EV000455,EMP0143,AWS,RoleChange,2026-04-14T15:05
EV000456,EMP0143,AWS,TicketUpdate,2026-02-04T01:17
EV000457,EMP0144,Okta,Login,2026-02-16T17:28
EV000458,EMP0144,AD,RepoAccess,2026-04-25T12:27
EV000459,EMP0145,Okta,TicketUpdate,2026-03-20T14:08
EV000460,EMP0145,AWS,Login,2026-02-09T16:36
EV000461,EMP0145,Salesforce,TicketUpdate,2026-04-24T11:34
EV000462,EMP0146,AWS,Logout,2026-05-17T16:55
EV000463,EMP0146,Salesforce,S3Access,2026-03-19T16:34
EV000464,EMP0147,AD,Login,2026-03-21T17:41
EV000465,EMP0147,Okta,Logout,2026-02-04T08:37
EV000466,EMP0147,Okta,TokenUse,2026-05-15T07:24
EV000467,EMP0147,Okta,Login,2026-04-27T11:11
EV000468,EMP0148,AWS,RepoAccess,2026-05-31T09:31
EV000469,EMP0148,AD,TicketUpdate,2026-03-10T08:35
EV000470,EMP0148,AWS,RoleChange,2026-05-04T08:55
EV000471,EMP0148,AD,Login,2026-03-26T18:35
EV000472,EMP0149,AWS,RepoAccess,2026-05-21T08:03
EV000473,EMP0149,AWS,TicketUpdate,2026-05-20T14:44
EV000474,EMP0149,AD,Logout,2026-03-08T07:21
EV000475,EMP0149,Okta,S3Access,2026-04-24T10:06
EV000476,EMP0149,Okta,Logout,2026-02-07T10:59
EV000477,EMP0149,Salesforce,TokenUse,2026-02-27T16:09
EV000478,EMP0150,AD,RepoAccess,2026-04-06T15:50
EV000479,EMP0150,AWS,S3Access,2026-02-12T14:46
EV000480,EMP0150,AWS,RoleChange,2026-05-02T07:15
EV000481,EMP0150,Salesforce,TicketUpdate,2026-02-20T18:28
EV000482,EMP0151,Okta,Login,2026-05-21T13:21
EV000483,EMP0152,Salesforce,Login,2026-03-24T16:42
EV000484,EMP0153,AWS,RoleChange,2026-02-14T14:16
EV000485,EMP0153,Salesforce,TicketUpdate,2026-03-27T11:02
EV000486,EMP0153,AWS,Login,2026-05-19T14:58
EV000487,EMP0153,Salesforce,TicketUpdate,2026-04-13T17:32
EV000488,EMP0154,Salesforce,TicketUpdate,2026-03-10T18:50
EV000489,EMP0154,AWS,Login,2026-04-26T17:37
EV000490,EMP0155,AD,Login,2026-05-07T07:12
EV000491,EMP0155,Salesforce,Login,2026-04-23T15:29
EV000492,EMP0155,Salesforce,TicketUpdate,2026-04-11T11:06
EV000493,EMP0156,Salesforce,Login,2026-05-05T10:33
EV000494,EMP0156,Salesforce,Login,2026-02-16T12:47
EV000495,EMP0157,Okta,RepoAccess,2026-02-17T12:23
EV000496,EMP0157,AWS,TicketUpdate,2026-02-22T11:54
EV000497,EMP0157,AWS,TicketUpdate,2026-04-10T16:57
EV000498,EMP0157,AWS,Logout,2026-04-16T13:54
EV000499,EMP0157,AWS,RoleChange,2026-04-21T14:02
EV000500,EMP0157,Okta,RepoAccess,2026-02-17T09:40
EV000501,EMP0157,AD,TokenUse,2026-05-21T10:29
EV000502,EMP0158,AD,RepoAccess,2026-02-26T18:57
EV000503,EMP0159,Okta,TokenUse,2026-03-30T14:23
EV000504,EMP0159,AD,TokenUse,2026-04-17T11:56
EV000505,EMP0159,Salesforce,S3Access,2026-05-08T18:18
EV000506,EMP0160,AWS,Logout,2026-02-06T10:40
EV000507,EMP0160,Okta,TokenUse,2026-05-24T14:31
EV000508,EMP0160,AWS,TicketUpdate,2026-05-10T13:50
EV000509,EMP0160,Salesforce,Login,2026-05-26T12:42
EV000510,EMP0160,AD,Logout,2026-05-21T16:36
EV000511,EMP0160,AD,Login,2026-04-23T13:31
EV000512,EMP0160,AD,S3Access,2026-02-15T17:53
EV000513,EMP0161,AWS,Logout,2026-05-13T17:38
EV000514,EMP0161,Okta,S3Access,2026-04-08T02:29
EV000515,EMP0161,Salesforce,TicketUpdate,2026-03-12T17:42
EV000516,EMP0161,Okta,RoleChange,2026-04-25T18:44
EV000517,EMP0162,AWS,RoleChange,2026-02-28T14:15
EV000518,EMP0162,AWS,TokenUse,2026-05-27T11:25
EV000519,EMP0162,Okta,TicketUpdate,2026-04-04T09:50
EV000520,EMP0162,Okta,Login,2026-03-23T09:20
EV000521,EMP0163,AD,TokenUse,2026-05-13T09:26
EV000522,EMP0163,AWS,TokenUse,2026-05-05T11:57
EV000523,EMP0163,Okta,Logout,2026-05-23T16:21
EV000524,EMP0164,AWS,RoleChange,2026-02-12T18:31
EV000525,EMP0164,AWS,RoleChange,2026-05-24T12:13
EV000526,EMP0164,Salesforce,TicketUpdate,2026-05-05T17:24
EV000527,EMP0164,AD,TokenUse,2026-02-04T07:56
EV000528,EMP0164,AWS,S3Access,2026-04-17T08:17
EV000529,EMP0165,Okta,TicketUpdate,2026-03-18T10:43
EV000530,EMP0165,AD,TicketUpdate,2026-02-17T14:32
EV000531,EMP0166,AD,Login,2026-05-15T15:20
EV000532,EMP0166,Okta,Login,2026-03-01T13:10
EV000533,EMP0166,AD,Logout,2026-02-18T14:15
EV000534,EMP0167,AD,Logout,2026-03-16T12:27
EV000535,EMP0168,AWS,TokenUse,2026-04-11T04:19
EV000536,EMP0168,Salesforce,S3Access,2026-04-02T08:52
EV000537,EMP0168,Salesforce,Login,2026-04-21T03:28
EV000538,EMP0168,Okta,TokenUse,2026-03-07T14:51
EV000539,EMP0168,AD,TokenUse,2026-02-07T08:44
EV000540,EMP0168,AWS,Login,2026-05-29T16:21
EV000541,EMP0168,Okta,S3Access,2026-03-17T17:36
EV000542,EMP0169,AWS,Logout,2026-02-20T12:31
EV000543,EMP0169,Salesforce,RepoAccess,2026-04-08T09:21
EV000544,EMP0169,AD,TicketUpdate,2026-02-26T13:18
EV000545,EMP0169,Okta,RepoAccess,2026-04-16T18:11
EV000546,EMP0170,Salesforce,Logout,2026-05-14T08:39
EV000547,EMP0170,AWS,Login,2026-04-24T10:38
EV000548,EMP0171,Salesforce,S3Access,2026-03-02T16:19
EV000549,EMP0171,Salesforce,RoleChange,2026-04-06T15:30
EV000550,EMP0171,Salesforce,TicketUpdate,2026-05-02T10:48
EV000551,EMP0172,AD,S3Access,2026-02-26T10:04
EV000552,EMP0172,Okta,TokenUse,2026-05-09T07:38
EV000553,EMP0172,AD,Login,2026-05-10T10:18
EV000554,EMP0173,AD,Login,2026-03-22T18:16
EV000555,EMP0173,AWS,S3Access,2026-02-22T07:35
EV000556,EMP0173,Salesforce,TokenUse,2026-02-16T08:05
EV000557,EMP0174,AWS,Login,2026-02-13T12:03
EV000558,EMP0174,Okta,S3Access,2026-03-15T11:32
EV000559,EMP0174,Okta,TokenUse,2026-02-15T07:37
EV000560,EMP0175,Okta,TicketUpdate,2026-03-24T14:50
EV000561,EMP0175,AWS,RepoAccess,2026-05-23T09:54
EV000562,EMP0176,AD,RepoAccess,2026-05-24T09:03
EV000563,EMP0176,AWS,TokenUse,2026-04-10T08:09
EV000564,EMP0176,AD,Login,2026-03-27T14:16
EV000565,EMP0177,Salesforce,TokenUse,2026-04-21T17:04
EV000566,EMP0178,AD,Login,2026-03-11T09:55
EV000567,EMP0178,AD,Login,2026-04-06T16:03
EV000568,EMP0178,Salesforce,Logout,2026-04-17T09:59
EV000569,EMP0178,Okta,TicketUpdate,2026-04-27T18:28
EV000570,EMP0179,Salesforce,TokenUse,2026-05-07T02:37
EV000571,EMP0179,Okta,TokenUse,2026-05-28T15:51
EV000572,EMP0179,AD,Login,2026-04-13T16:23
EV000573,EMP0179,Salesforce,TokenUse,2026-02-15T12:24
EV000574,EMP0179,Salesforce,Login,2026-04-14T13:22
EV000575,EMP0179,AWS,TokenUse,2026-02-04T13:16
EV000576,EMP0180,AD,Login,2026-05-14T09:54
EV000577,EMP0180,AD,Logout,2026-02-23T09:00
EV000578,EMP0180,AD,Login,2026-04-05T09:51
EV000579,EMP0180,AWS,Login,2026-03-24T08:40
EV000580,EMP0181,AD,TokenUse,2026-03-04T12:47
EV000581,EMP0181,AWS,RepoAccess,2026-05-16T11:33
EV000582,EMP0181,Okta,S3Access,2026-03-19T11:29
EV000583,EMP0182,Salesforce,Login,2026-03-10T14:48
EV000584,EMP0182,AD,TokenUse,2026-02-03T09:01
EV000585,EMP0182,Salesforce,S3Access,2026-05-05T07:16
EV000586,EMP0182,AWS,Login,2026-02-01T08:05
EV000587,EMP0182,AWS,S3Access,2026-03-11T17:15
EV000588,EMP0182,AWS,Login,2026-02-10T11:14
EV000589,EMP0183,Salesforce,Login,2026-05-01T16:51
EV000590,EMP0183,AWS,S3Access,2026-05-10T08:13
EV000591,EMP0183,Salesforce,TicketUpdate,2026-02-11T17:16
EV000592,EMP0183,Salesforce,Logout,2026-02-11T11:01
EV000593,EMP0184,Okta,TokenUse,2026-06-01T00:46
EV000594,EMP0184,AD,TicketUpdate,2026-02-24T01:54
EV000595,EMP0184,Okta,TokenUse,2026-05-01T09:09
EV000596,EMP0184,AD,S3Access,2026-05-04T23:15
EV000597,EMP0184,Salesforce,RepoAccess,2026-02-21T18:03
EV000598,EMP0184,AD,Login,2026-05-17T23:32
EV000599,EMP0184,AWS,TokenUse,2026-05-07T11:54
EV000600,EMP0185,AWS,Logout,2026-05-16T17:17
EV000601,EMP0185,Salesforce,Logout,2026-05-09T09:48
EV000602,EMP0185,AD,Login,2026-04-10T07:41
EV000603,EMP0185,Okta,S3Access,2026-03-02T15:46
EV000604,EMP0186,AWS,TokenUse,2026-03-01T10:17
EV000605,EMP0186,Salesforce,TicketUpdate,2026-04-19T15:33
EV000606,EMP0186,AD,Login,2026-05-14T11:55
EV000607,EMP0186,Salesforce,Login,2026-02-25T16:09
EV000608,EMP0186,Okta,Login,2026-04-06T13:15
EV000609,EMP0187,AWS,S3Access,2026-03-28T07:01
EV000610,EMP0187,AD,RepoAccess,2026-02-18T07:46
EV000611,EMP0187,AWS,TicketUpdate,2026-04-10T15:17
EV000612,EMP0187,Okta,Logout,2026-02-20T17:30
EV000613,EMP0187,AWS,TicketUpdate,2026-04-29T15:24
EV000614,EMP0188,Okta,TicketUpdate,2026-02-01T11:07
EV000615,EMP0188,Okta,S3Access,2026-04-28T15:00
EV000616,EMP0188,Salesforce,Login,2026-05-18T17:09
EV000617,EMP0189,Salesforce,Logout,2026-02-12T17:57
EV000618,EMP0189,Salesforce,TokenUse,2026-02-21T19:00
EV000619,EMP0189,Salesforce,Logout,2026-03-14T13:52
EV000620,EMP0189,AD,Login,2026-05-17T10:50
EV000621,EMP0189,Salesforce,S3Access,2026-03-06T13:30
EV000622,EMP0189,AD,TokenUse,2026-03-30T10:01
EV000623,EMP0190,AWS,TicketUpdate,2026-05-06T14:55
EV000624,EMP0190,Okta,Logout,2026-05-16T11:24
EV000625,EMP0190,AD,Logout,2026-02-17T18:07
EV000626,EMP0190,Okta,Login,2026-05-27T07:49
EV000627,EMP0190,AD,TicketUpdate,2026-05-23T14:06
EV000628,EMP0190,Salesforce,TicketUpdate,2026-03-13T07:27
EV000629,EMP0190,AWS,Login,2026-02-17T11:01
EV000630,EMP0191,AD,Logout,2026-02-07T17:28
EV000631,EMP0192,Salesforce,Login,2026-03-18T15:18
EV000632,EMP0192,AD,Login,2026-04-24T12:10
EV000633,EMP0193,AWS,Login,2026-05-03T12:43
EV000634,EMP0193,Salesforce,S3Access,2026-05-17T10:58
EV000635,EMP0194,AWS,TicketUpdate,2026-05-12T14:42
EV000636,EMP0194,Okta,S3Access,2026-02-14T13:27
EV000637,EMP0194,AWS,S3Access,2026-03-22T07:12
EV000638,EMP0195,AWS,TicketUpdate,2026-02-10T15:49
EV000639,EMP0195,Salesforce,TicketUpdate,2026-02-28T08:17
EV000640,EMP0195,AWS,TicketUpdate,2026-03-06T18:29
EV000641,EMP0196,Salesforce,TokenUse,2026-03-04T08:21
EV000642,EMP0197,AD,S3Access,2026-02-19T12:46
EV000643,EMP0197,Salesforce,TicketUpdate,2026-05-10T17:13
EV000644,EMP0197,AWS,TicketUpdate,2026-05-10T14:38
EV000645,EMP0197,AWS,TicketUpdate,2026-04-13T16:48
EV000646,EMP0197,AWS,Logout,2026-05-15T16:29
EV000647,EMP0198,Okta,TokenUse,2026-05-03T08:34
EV000648,EMP0198,Okta,RepoAccess,2026-04-16T18:23
EV000649,EMP0199,AD,S3Access,2026-02-11T12:24
EV000650,EMP0199,Okta,RepoAccess,2026-04-11T09:56
EV000651,EMP0199,AWS,RepoAccess,2026-03-22T11:41
EV000652,EMP0199,Salesforce,Login,2026-02-12T07:53
EV000653,EMP0200,Okta,Login,2026-05-30T15:15
EV000654,EMP0201,Salesforce,Login,2026-05-06T00:18
EV000655,EMP0201,Salesforce,Login,2026-03-13T02:57
EV000656,EMP0201,AWS,RoleChange,2026-02-22T10:37
EV000657,EMP0201,AWS,RoleChange,2026-04-27T01:58
EV000658,EMP0201,AWS,Login,2026-04-20T08:44
EV000659,EMP0201,AWS,Login,2026-03-22T07:50
EV000660,EMP0202,Salesforce,Logout,2026-02-13T16:23
EV000661,EMP0202,Salesforce,TokenUse,2026-05-11T10:33
EV000662,EMP0203,AD,Login,2026-02-14T17:46
EV000663,EMP0203,AD,RepoAccess,2026-04-24T17:17
EV000664,EMP0203,AD,RepoAccess,2026-05-07T07:25
EV000665,EMP0203,AWS,Logout,2026-02-10T10:26
EV000666,EMP0203,AWS,Login,2026-03-23T16:15
EV000667,EMP0203,Okta,TicketUpdate,2026-02-05T07:13
EV000668,EMP0204,Salesforce,TokenUse,2026-03-23T13:51
EV000669,EMP0205,Salesforce,TicketUpdate,2026-02-21T08:24
EV000670,EMP0205,AWS,RepoAccess,2026-03-07T10:36
EV000671,EMP0205,AWS,TokenUse,2026-02-14T12:17
EV000672,EMP0206,AD,S3Access,2026-03-18T08:09
EV000673,EMP0206,AD,Login,2026-03-01T15:41
EV000674,EMP0206,Okta,S3Access,2026-03-26T17:14
EV000675,EMP0207,AWS,Login,2026-03-06T09:40
EV000676,EMP0207,Salesforce,S3Access,2026-03-31T13:28
EV000677,EMP0208,Okta,Login,2026-05-08T09:44
EV000678,EMP0208,AWS,Login,2026-04-03T07:58
EV000679,EMP0208,Salesforce,TicketUpdate,2026-05-23T08:53
EV000680,EMP0208,AD,S3Access,2026-04-29T08:17
EV000681,EMP0208,Salesforce,S3Access,2026-03-21T08:47
EV000682,EMP0209,AD,TicketUpdate,2026-03-20T13:49
EV000683,EMP0209,AWS,Login,2026-04-15T14:18
EV000684,EMP0209,AWS,Login,2026-03-19T12:19
EV000685,EMP0209,Salesforce,TicketUpdate,2026-04-04T11:41
EV000686,EMP0209,Salesforce,RepoAccess,2026-03-22T17:47
EV000687,EMP0210,AWS,Login,2026-04-24T14:15
EV000688,EMP0211,Okta,S3Access,2026-04-21T19:00
EV000689,EMP0212,Okta,Login,2026-03-04T18:39
EV000690,EMP0212,AD,TicketUpdate,2026-02-07T15:56
EV000691,EMP0212,Salesforce,Login,2026-03-17T15:11
EV000692,EMP0212,Okta,Login,2026-02-04T18:16
EV000693,EMP0213,AD,RoleChange,2026-05-22T09:05
EV000694,EMP0213,AWS,TicketUpdate,2026-05-25T16:33
EV000695,EMP0213,AWS,TicketUpdate,2026-02-09T13:17
EV000696,EMP0214,AD,TicketUpdate,2026-02-26T11:06
EV000697,EMP0214,Salesforce,Logout,2026-02-15T11:04
EV000698,EMP0214,AWS,RoleChange,2026-03-31T18:08
EV000699,EMP0215,AD,S3Access,2026-04-09T15:29
EV000700,EMP0216,AD,TokenUse,2026-05-24T09:24
EV000701,EMP0216,Okta,Logout,2026-04-27T17:27
EV000702,EMP0216,AWS,Login,2026-05-15T17:56
EV000703,EMP0217,AWS,RepoAccess,2026-03-05T09:49
EV000704,EMP0218,AD,Login,2026-04-19T14:31
EV000705,EMP0218,Okta,TicketUpdate,2026-05-10T17:23
EV000706,EMP0219,Salesforce,Logout,2026-04-22T14:03
EV000707,EMP0219,Salesforce,Login,2026-05-27T17:34
EV000708,EMP0219,AD,Logout,2026-05-26T14:31
EV000709,EMP0220,AWS,S3Access,2026-04-25T18:27
EV000710,EMP0220,AD,Login,2026-05-14T15:33
EV000711,EMP0220,AD,Login,2026-02-07T10:30
EV000712,EMP0221,AWS,Logout,2026-03-21T15:22
EV000713,EMP0221,Salesforce,TicketUpdate,2026-03-15T15:21
EV000714,EMP0222,AWS,Logout,2026-04-06T07:52
EV000715,EMP0222,Salesforce,RoleChange,2026-04-03T18:30
EV000716,EMP0223,Okta,TokenUse,2026-04-01T08:55
EV000717,EMP0223,AD,TokenUse,2026-03-26T23:09
EV000718,EMP0223,Okta,TokenUse,2026-05-03T01:55
EV000719,EMP0223,Okta,S3Access,2026-03-01T16:50
EV000720,EMP0224,AD,Login,2026-02-09T17:18
EV000721,EMP0225,AWS,TokenUse,2026-05-01T11:21
EV000722,EMP0225,Okta,TicketUpdate,2026-03-29T10:20
EV000723,EMP0225,AWS,TicketUpdate,2026-02-25T10:46
EV000724,EMP0226,Salesforce,Login,2026-05-09T15:29
EV000725,EMP0226,Salesforce,S3Access,2026-03-07T11:25
EV000726,EMP0226,AD,Login,2026-05-30T18:33
EV000727,EMP0227,Salesforce,Login,2026-02-09T08:31
EV000728,EMP0227,Salesforce,Login,2026-02-18T15:43
EV000729,EMP0227,AWS,TokenUse,2026-05-22T12:02
EV000730,EMP0228,AWS,RoleChange,2026-03-22T10:10
EV000731,EMP0228,Okta,TicketUpdate,2026-02-21T09:17
EV000732,EMP0228,AWS,RoleChange,2026-04-28T23:27
EV000733,EMP0228,AWS,TicketUpdate,2026-05-10T00:56
EV000734,EMP0228,AD,Login,2026-02-28T14:45
EV000735,EMP0228,AWS,Login,2026-04-30T03:48
EV000736,EMP0228,AD,Login,2026-05-12T15:21
EV000737,EMP0229,Okta,S3Access,2026-05-10T08:45
EV000738,EMP0230,Salesforce,TokenUse,2026-04-25T12:14
EV000739,EMP0231,Okta,Login,2026-03-15T08:27
EV000740,EMP0232,Okta,Login,2026-04-13T14:02
EV000741,EMP0232,Okta,Login,2026-02-18T15:07
EV000742,EMP0232,AWS,Login,2026-02-11T09:17
EV000743,EMP0232,Salesforce,Login,2026-02-18T16:55
EV000744,EMP0233,Salesforce,Login,2026-04-09T17:33
EV000745,EMP0233,Okta,Login,2026-02-12T02:51
EV000746,EMP0233,AWS,RoleChange,2026-04-20T17:57
EV000747,EMP0233,AWS,RoleChange,2026-05-27T12:18
EV000748,EMP0233,Okta,Login,2026-04-06T00:08
EV000749,EMP0234,Okta,RoleChange,2026-04-11T15:36
EV000750,EMP0234,AWS,RepoAccess,2026-05-13T15:18
EV000751,EMP0234,AD,RepoAccess,2026-05-02T18:35
EV000752,EMP0235,Salesforce,Logout,2026-05-19T17:51
EV000753,EMP0235,Okta,Logout,2026-02-20T18:15
EV000754,EMP0236,AWS,Login,2026-04-25T16:03
EV000755,EMP0237,Okta,Login,2026-04-08T12:58
EV000756,EMP0237,AWS,Login,2026-05-07T18:57
EV000757,EMP0237,AWS,Login,2026-04-08T16:18
EV000758,EMP0237,Okta,Logout,2026-05-12T15:29
EV000759,EMP0237,Okta,Login,2026-03-10T16:46
EV000760,EMP0238,AD,RepoAccess,2026-04-27T10:45
EV000761,EMP0238,AD,RepoAccess,2026-02-16T11:38
EV000762,EMP0238,Okta,TicketUpdate,2026-04-12T12:35
EV000763,EMP0239,Okta,RepoAccess,2026-05-26T18:51
EV000764,EMP0239,AWS,RoleChange,2026-05-26T09:41
EV000765,EMP0239,AD,S3Access,2026-03-08T07:15
EV000766,EMP0240,AWS,RepoAccess,2026-02-25T12:29
EV000767,EMP0241,Salesforce,TicketUpdate,2026-03-29T16:29
EV000768,EMP0241,AD,RepoAccess,2026-05-02T16:05
EV000769,EMP0242,AWS,RepoAccess,2026-04-29T07:14
EV000770,EMP0242,Okta,Login,2026-04-12T16:11
EV000771,EMP0242,AWS,S3Access,2026-05-18T08:31
EV000772,EMP0243,AD,Logout,2026-02-13T13:50
EV000773,EMP0244,AWS,S3Access,2026-02-25T10:16
EV000774,EMP0244,Salesforce,Login,2026-03-24T13:30
EV000775,EMP0244,Salesforce,S3Access,2026-03-05T18:56
EV000776,EMP0244,AD,TicketUpdate,2026-03-22T15:09
EV000777,EMP0244,Salesforce,Login,2026-03-06T14:57
EV000778,EMP0244,AWS,TicketUpdate,2026-04-26T13:48
EV000779,EMP0245,Salesforce,Login,2026-03-03T10:04
EV000780,EMP0245,AWS,TicketUpdate,2026-04-13T08:12
EV000781,EMP0245,Salesforce,Logout,2026-02-03T10:41
EV000782,EMP0246,Okta,RepoAccess,2026-05-28T11:27
EV000783,EMP0246,Okta,TokenUse,2026-02-04T18:58
EV000784,EMP0246,Salesforce,Login,2026-05-11T09:10
EV000785,EMP0246,Okta,Login,2026-05-03T08:22
EV000786,EMP0247,AD,RoleChange,2026-05-07T16:13
EV000787,EMP0247,AWS,TicketUpdate,2026-03-01T15:12
EV000788,EMP0247,AD,RepoAccess,2026-03-07T16:57
EV000789,EMP0247,Okta,Login,2026-05-05T01:57
EV000790,EMP0247,Salesforce,Login,2026-05-25T14:29
EV000791,EMP0247,Okta,Logout,2026-04-02T08:33
EV000792,EMP0247,AWS,RoleChange,2026-05-31T02:20
EV000793,EMP0248,Okta,TokenUse,2026-05-27T16:55
EV000794,EMP0248,AWS,TicketUpdate,2026-02-20T03:37
EV000795,EMP0248,Salesforce,TokenUse,2026-02-08T04:25
EV000796,EMP0248,AD,RepoAccess,2026-05-02T23:55
EV000797,EMP0248,AWS,Logout,2026-03-27T13:45
EV000798,EMP0249,AD,Logout,2026-04-19T08:31
EV000799,EMP0249,Salesforce,RepoAccess,2026-03-08T10:13
EV000800,EMP0249,Okta,TicketUpdate,2026-05-31T07:57
EV000801,EMP0249,Okta,TokenUse,2026-03-25T07:14
EV000802,EMP0250,AWS,RoleChange,2026-04-28T16:26
EV000803,EMP0250,AWS,RoleChange,2026-02-07T09:15
EV000804,EMP0250,AD,Login,2026-05-12T03:06
EV000805,EMP0250,Salesforce,Logout,2026-05-16T23:25
EV000806,EMP0250,AD,RepoAccess,2026-05-13T13:08
EV000807,EMP0250,Okta,TicketUpdate,2026-04-02T18:28
EV000808,EMP0250,AWS,RoleChange,2026-05-14T15:04
EV000809,EMP0251,Okta,Login,2026-03-02T17:33
EV000810,EMP0252,AWS,TicketUpdate,2026-03-12T15:06
EV000811,EMP0252,AD,S3Access,2026-03-04T07:28
EV000812,EMP0252,AD,Login,2026-02-04T08:09
EV000813,EMP0253,AWS,RoleChange,2026-05-06T00:27
EV000814,EMP0253,AWS,RoleChange,2026-02-03T04:16
EV000815,EMP0253,AWS,RoleChange,2026-04-10T13:40
EV000816,EMP0253,AWS,Logout,2026-05-23T02:26
EV000817,EMP0254,Salesforce,RoleChange,2026-04-03T16:13
EV000818,EMP0254,AWS,RepoAccess,2026-02-14T17:37
EV000819,EMP0254,Salesforce,S3Access,2026-05-20T18:16
EV000820,EMP0255,Salesforce,Logout,2026-06-01T12:47
EV000821,EMP0255,Salesforce,Logout,2026-03-22T12:53
EV000822,EMP0255,AD,Login,2026-04-22T10:15
EV000823,EMP0255,AD,Logout,2026-05-01T18:56
EV000824,EMP0255,Salesforce,TicketUpdate,2026-02-07T15:58
EV000825,EMP0256,AWS,TicketUpdate,2026-04-14T08:38
EV000826,EMP0256,Salesforce,RoleChange,2026-03-28T10:08
EV000827,EMP0256,AWS,RepoAccess,2026-04-21T07:12
EV000828,EMP0256,Salesforce,S3Access,2026-04-06T11:39
EV000829,EMP0257,Okta,RepoAccess,2026-04-01T13:29
EV000830,EMP0257,Okta,TicketUpdate,2026-05-17T13:07
EV000831,EMP0258,AWS,Logout,2026-05-10T18:29
EV000832,EMP0258,AD,Logout,2026-04-04T12:52
EV000833,EMP0258,Salesforce,Logout,2026-04-07T12:02
EV000834,EMP0258,Okta,S3Access,2026-05-18T14:37
EV000835,EMP0258,AD,S3Access,2026-05-29T07:16
EV000836,EMP0259,Salesforce,RepoAccess,2026-03-28T18:29
EV000837,EMP0259,Okta,TokenUse,2026-05-25T12:54
EV000838,EMP0259,Salesforce,Login,2026-03-29T07:22
EV000839,EMP0259,AD,Login,2026-03-28T08:00
EV000840,EMP0259,AWS,S3Access,2026-05-25T07:04
EV000841,EMP0260,AWS,Logout,2026-03-02T14:55
EV000842,EMP0260,Okta,TicketUpdate,2026-05-26T12:31
EV000843,EMP0260,Salesforce,Login,2026-02-08T16:07
EV000844,EMP0261,AD,Logout,2026-03-09T18:06
EV000845,EMP0261,AD,TicketUpdate,2026-05-21T17:53
EV000846,EMP0262,Salesforce,TokenUse,2026-03-22T00:10
EV000847,EMP0262,Salesforce,TokenUse,2026-05-20T17:17
EV000848,EMP0262,Okta,Logout,2026-02-21T04:50
EV000849,EMP0262,Okta,TokenUse,2026-05-03T15:14
EV000850,EMP0263,AD,TokenUse,2026-03-05T12:23
EV000851,EMP0263,AD,Logout,2026-02-14T07:49
EV000852,EMP0263,AWS,Login,2026-03-06T16:27
EV000853,EMP0263,Salesforce,Login,2026-05-19T14:20
EV000854,EMP0263,AD,TicketUpdate,2026-03-18T13:45
EV000855,EMP0264,AWS,RepoAccess,2026-03-28T09:07
EV000856,EMP0265,AD,Login,2026-02-01T09:02
EV000857,EMP0265,Salesforce,RoleChange,2026-05-21T07:48
EV000858,EMP0266,AD,TokenUse,2026-03-22T08:20
EV000859,EMP0267,Salesforce,TicketUpdate,2026-03-30T08:41
EV000860,EMP0267,AD,S3Access,2026-04-02T14:42
EV000861,EMP0267,Salesforce,RepoAccess,2026-02-05T12:58
EV000862,EMP0268,AD,Logout,2026-03-21T12:45
EV000863,EMP0268,Salesforce,RepoAccess,2026-03-29T15:15
EV000864,EMP0268,Okta,RoleChange,2026-03-31T11:29
EV000865,EMP0269,AD,TicketUpdate,2026-02-04T18:51
EV000866,EMP0269,Salesforce,TicketUpdate,2026-02-18T12:45
EV000867,EMP0269,Salesforce,RoleChange,2026-04-23T11:33
EV000868,EMP0269,Salesforce,RepoAccess,2026-04-20T16:20
EV000869,EMP0269,Salesforce,RoleChange,2026-04-08T13:46
EV000870,EMP0270,AD,Login,2026-03-08T07:50
EV000871,EMP0270,Salesforce,RepoAccess,2026-02-12T14:58
EV000872,EMP0270,AD,S3Access,2026-02-17T14:48
EV000873,EMP0270,AWS,RepoAccess,2026-03-15T17:25
EV000874,EMP0270,AD,TokenUse,2026-03-23T12:19
EV000875,EMP0271,Okta,Login,2026-05-26T15:33
EV000876,EMP0271,Okta,Logout,2026-04-12T09:47
EV000877,EMP0272,AD,RepoAccess,2026-03-06T14:10
EV000878,EMP0272,AWS,TicketUpdate,2026-05-13T12:28
EV000879,EMP0272,AD,Logout,2026-05-09T09:00
EV000880,EMP0272,Salesforce,Login,2026-05-12T11:43
EV000881,EMP0273,AWS,RepoAccess,2026-03-16T09:08
EV000882,EMP0273,Salesforce,Login,2026-04-03T14:13
EV000883,EMP0273,Okta,Logout,2026-02-27T16:11
EV000884,EMP0274,AD,S3Access,2026-03-13T17:01
EV000885,EMP0274,AWS,Logout,2026-02-21T17:32
EV000886,EMP0274,Salesforce,RoleChange,2026-04-30T07:29
EV000887,EMP0275,AD,Login,2026-02-12T15:55
EV000888,EMP0275,Salesforce,Logout,2026-05-15T18:02
EV000889,EMP0275,Salesforce,TokenUse,2026-02-13T11:24
EV000890,EMP0276,AD,RepoAccess,2026-04-10T13:21
EV000891,EMP0276,Salesforce,S3Access,2026-05-22T08:05
EV000892,EMP0276,AD,Logout,2026-02-12T10:41
EV000893,EMP0277,Okta,Login,2026-02-24T18:34
EV000894,EMP0277,AD,S3Access,2026-04-20T10:20
EV000895,EMP0277,Salesforce,S3Access,2026-04-19T14:58
EV000896,EMP0277,Okta,S3Access,2026-04-06T09:59
EV000897,EMP0278,Salesforce,TokenUse,2026-03-21T07:43
EV000898,EMP0278,AD,TicketUpdate,2026-03-27T15:47
EV000899,EMP0279,AD,TokenUse,2026-02-08T13:02
EV000900,EMP0279,AD,RepoAccess,2026-05-19T07:26
EV000901,EMP0280,Salesforce,Logout,2026-05-01T17:16
EV000902,EMP0280,Salesforce,RepoAccess,2026-05-17T10:18
EV000903,EMP0280,Salesforce,Logout,2026-04-25T17:05
EV000904,EMP0280,AWS,TokenUse,2026-02-11T23:56
EV000905,EMP0280,AD,Login,2026-02-16T04:42
EV000906,EMP0280,AWS,RoleChange,2026-03-31T16:25
EV000907,EMP0280,AWS,RoleChange,2026-02-03T07:31
EV000908,EMP0281,AWS,TicketUpdate,2026-03-22T09:24
EV000909,EMP0281,AD,S3Access,2026-05-09T18:02
EV000910,EMP0281,Salesforce,Logout,2026-05-05T09:05
EV000911,EMP0282,AD,RepoAccess,2026-02-09T07:27
EV000912,EMP0282,AD,Login,2026-05-03T16:53
EV000913,EMP0283,Salesforce,TicketUpdate,2026-03-08T14:59
EV000914,EMP0283,AD,RoleChange,2026-05-27T08:52
EV000915,EMP0283,Okta,TicketUpdate,2026-03-28T12:17
EV000916,EMP0284,Okta,S3Access,2026-04-16T13:58
EV000917,EMP0284,Okta,Login,2026-04-06T08:19
EV000918,EMP0284,Salesforce,Logout,2026-02-02T12:20
EV000919,EMP0284,Okta,Login,2026-03-23T12:57
EV000920,EMP0284,Salesforce,TicketUpdate,2026-04-19T11:26
EV000921,EMP0284,AWS,Login,2026-05-01T07:01
EV000922,EMP0285,Okta,Login,2026-05-22T17:21
EV000923,EMP0285,AD,RepoAccess,2026-05-01T07:44
EV000924,EMP0285,AWS,S3Access,2026-04-24T11:37
EV000925,EMP0285,AD,TicketUpdate,2026-04-28T16:19
EV000926,EMP0286,Salesforce,Login,2026-04-06T09:45
EV000927,EMP0286,AWS,S3Access,2026-05-25T07:09
EV000928,EMP0287,Salesforce,RoleChange,2026-03-27T18:47
EV000929,EMP0287,AWS,RepoAccess,2026-02-19T11:14
EV000930,EMP0287,AWS,TicketUpdate,2026-03-14T11:07
EV000931,EMP0287,AD,RepoAccess,2026-03-31T18:14
EV000932,EMP0288,AWS,TicketUpdate,2026-04-19T11:07
EV000933,EMP0288,Salesforce,S3Access,2026-04-10T09:02
EV000934,EMP0288,Okta,Logout,2026-05-22T12:29
EV000935,EMP0289,AD,TicketUpdate,2026-03-05T09:41
EV000936,EMP0289,Okta,Login,2026-02-15T10:31
EV000937,EMP0289,AWS,TicketUpdate,2026-05-02T17:57
EV000938,EMP0290,AD,TicketUpdate,2026-02-25T18:45
EV000939,EMP0290,AWS,RoleChange,2026-05-10T14:49
EV000940,EMP0290,AWS,RoleChange,2026-05-24T17:39
EV000941,EMP0290,Salesforce,Logout,2026-03-28T15:20
EV000942,EMP0290,AWS,RoleChange,2026-02-21T07:56
EV000943,EMP0290,AWS,RoleChange,2026-05-06T03:20
EV000944,EMP0291,AWS,TokenUse,2026-05-26T17:45
EV000945,EMP0291,AD,Login,2026-04-08T11:01
EV000946,EMP0291,AD,TicketUpdate,2026-03-19T18:41
EV000947,EMP0291,Salesforce,Logout,2026-05-06T15:10
EV000948,EMP0292,AWS,TokenUse,2026-02-15T16:27
EV000949,EMP0293,AWS,RepoAccess,2026-05-28T18:28
EV000950,EMP0293,AWS,Login,2026-05-12T17:01
EV000951,EMP0293,AWS,Login,2026-04-22T16:05
EV000952,EMP0294,AWS,Login,2026-02-09T17:17
EV000953,EMP0294,AD,RoleChange,2026-03-11T16:33
EV000954,EMP0294,Salesforce,TicketUpdate,2026-05-12T17:30
EV000955,EMP0294,Okta,Logout,2026-03-10T07:43
EV000956,EMP0295,Salesforce,S3Access,2026-03-09T11:07
EV000957,EMP0295,AD,TicketUpdate,2026-04-17T10:55
EV000958,EMP0295,AD,Login,2026-03-05T08:45
EV000959,EMP0295,Salesforce,RepoAccess,2026-05-15T13:37
EV000960,EMP0296,AWS,S3Access,2026-02-20T14:01
EV000961,EMP0297,AD,Logout,2026-02-26T15:31
EV000962,EMP0297,Salesforce,Login,2026-05-19T09:27
EV000963,EMP0297,Salesforce,RepoAccess,2026-03-09T09:27
EV000964,EMP0297,AWS,RoleChange,2026-05-30T07:51
EV000965,EMP0297,Okta,TicketUpdate,2026-03-13T14:49
EV000966,EMP0297,AWS,RoleChange,2026-05-13T11:07
EV000967,EMP0298,AWS,Logout,2026-03-28T03:07
EV000968,EMP0298,Salesforce,Logout,2026-02-23T15:36
EV000969,EMP0298,AWS,RoleChange,2026-03-05T08:47
EV000970,EMP0298,Okta,Login,2026-03-16T12:36
EV000971,EMP0298,Salesforce,TicketUpdate,2026-03-16T04:29
EV000972,EMP0299,AWS,Login,2026-03-31T14:52
EV000973,EMP0299,AWS,TicketUpdate,2026-04-22T17:26
EV000974,EMP0299,Okta,S3Access,2026-05-01T18:25
EV000975,EMP0300,AWS,S3Access,2026-03-12T10:41
EV000976,EMP0300,AD,Logout,2026-03-01T14:12
EV000977,EMP0300,Okta,TokenUse,2026-03-02T10:44
EV000978,EMP0301,Salesforce,S3Access,2026-05-15T17:53
EV000979,EMP0302,AWS,TicketUpdate,2026-04-13T09:47
EV000980,EMP0303,AD,Login,2026-04-11T09:42
EV000981,EMP0303,AD,S3Access,2026-05-09T17:24
EV000982,EMP0304,Okta,S3Access,2026-05-04T18:55
EV000983,EMP0304,AD,S3Access,2026-04-01T17:00
EV000984,EMP0304,AD,S3Access,2026-02-27T14:33
EV000985,EMP0305,AWS,S3Access,2026-04-01T09:04
EV000986,EMP0305,AWS,Login,2026-02-16T13:47
EV000987,EMP0305,Okta,Login,2026-04-12T13:55
EV000988,EMP0305,Okta,Logout,2026-04-24T09:51
EV000989,EMP0305,AD,TicketUpdate,2026-04-21T18:42
EV000990,EMP0305,AD,Login,2026-04-03T09:46
EV000991,EMP0306,AD,S3Access,2026-05-14T15:01
EV000992,EMP0306,Salesforce,Logout,2026-02-10T13:32
EV000993,EMP0307,AWS,TokenUse,2026-03-30T18:10
EV000994,EMP0307,Salesforce,Login,2026-04-13T16:44
EV000995,EMP0307,AWS,TicketUpdate,2026-04-27T14:30
EV000996,EMP0308,Okta,Logout,2026-02-26T09:00
EV000997,EMP0308,Okta,RoleChange,2026-03-26T18:26
EV000998,EMP0308,AD,Login,2026-03-18T10:52
EV000999,EMP0308,Salesforce,TicketUpdate,2026-05-21T13:13
EV001000,EMP0309,AD,TicketUpdate,2026-04-15T09:23
